[{"__symbolic":"module","version":3,"metadata":{"GaugeConfig":{"__symbolic":"interface"},"Config":{"WIDTH":200,"ARC_STROKE":5,"ARROW_Y":22.5,"ARROW_WIDTH":4,"ARROW_PIN_RAD":8,"SL_NORM":3,"SL_MID_SEP":7,"SL_SEP":10,"SL_WIDTH":2,"TXT_MARGIN":10,"LIGHT_Y":55,"LIGHT_RADIUS":10,"S_FAC_Y":80,"DIGITAL_Y":145,"UNIT_Y":155,"MAX_PURE_SCALE_VAL":1000,"INIT_LINE_FREQ":2,"DEF_START":225,"DEF_END":135}}},{"__symbolic":"module","version":1,"metadata":{"GaugeConfig":{"__symbolic":"interface"},"Config":{"WIDTH":200,"ARC_STROKE":5,"ARROW_Y":22.5,"ARROW_WIDTH":4,"ARROW_PIN_RAD":8,"SL_NORM":3,"SL_MID_SEP":7,"SL_SEP":10,"SL_WIDTH":2,"TXT_MARGIN":10,"LIGHT_Y":55,"LIGHT_RADIUS":10,"S_FAC_Y":80,"DIGITAL_Y":145,"UNIT_Y":155,"MAX_PURE_SCALE_VAL":1000,"INIT_LINE_FREQ":2,"DEF_START":225,"DEF_END":135}}}]