[{"__symbolic":"module","version":3,"metadata":{"Cartesian":{"__symbolic":"interface"},"Line":{"__symbolic":"interface"},"Value":{"__symbolic":"interface"},"Sector":{"__symbolic":"interface"},"RenderSector":{"__symbolic":"interface"},"GaugeProps":{"__symbolic":"interface"},"Separator":{"NA":0,"Big":1,"Small":2}}},{"__symbolic":"module","version":1,"metadata":{"Cartesian":{"__symbolic":"interface"},"Line":{"__symbolic":"interface"},"Value":{"__symbolic":"interface"},"Sector":{"__symbolic":"interface"},"RenderSector":{"__symbolic":"interface"},"GaugeProps":{"__symbolic":"interface"},"Separator":{"NA":0,"Big":1,"Small":2}}}]