[{"__symbolic":"module","version":3,"metadata":{"GaugeModuleCustom":{"__symbolic":"class","decorators":[{"__symbolic":"call","expression":{"__symbolic":"reference","module":"@angular/core","name":"NgModule"},"arguments":[{"imports":[{"__symbolic":"reference","module":"@angular/common","name":"CommonModule"}],"declarations":[{"__symbolic":"reference","module":"./gauge.component","name":"GaugeComponent"}],"exports":[{"__symbolic":"reference","module":"./gauge.component","name":"GaugeComponent"}]}]}]}}},{"__symbolic":"module","version":1,"metadata":{"GaugeModuleCustom":{"__symbolic":"class","decorators":[{"__symbolic":"call","expression":{"__symbolic":"reference","module":"@angular/core","name":"NgModule"},"arguments":[{"imports":[{"__symbolic":"reference","module":"@angular/common","name":"CommonModule"}],"declarations":[{"__symbolic":"reference","module":"./gauge.component","name":"GaugeComponent"}],"exports":[{"__symbolic":"reference","module":"./gauge.component","name":"GaugeComponent"}]}]}]}}}]