[{
    "id": 1,
    "name": "Low Power",
    "type": "Energy Consumption",
    "time": "12:30 am",
    "location": "Bangalore",
    "status": "solved",
    "message": "Battery condition set to normal."
}, {
    "id": 2,
    "name": "Low Power",
    "type": "Energy Consumption",
    "time": "10:30 am",
    "location": "Chennai",
    "status": "high_priority",
    "message": "Battery is under critical condition"
}, {
    "id": 3,
    "name": "Low Power",
    "type": "Energy Consumption",
    "time": "01:30 am",
    "location": "Bangalore",
    "status": "high_priority",
    "message": "Battery is under critical condition"

}, {
    "id": 4,
    "name": "Low Power",
    "type": "Energy Consumption",
    "time": "12:30 pm",
    "location": "Coimbatore",
    "status": "solved",
    "message": "Battery condition set to normal."

}, {
    "id": 5,
    "name": "Low Power",
    "type": "Energy Consumption",
    "time": "2:30 pm",
    "location": "Chennai",
    "status": "high_priority",
    "message": "Battery is under critical condition"

}, {
    "id": 6,
    "name": "Low Power",
    "type": "Energy Consumption",
    "time": "12:07 pm",
    "location": "Pune",
    "status": "solved",
    "message": "Battery condition set to normal."

}, {
    "id": 7,
    "name": "Low Power",
    "type": "Energy Consumption",
    "time": "11:30 pm",
    "location": "Coimbatore",
    "status": "high_priority",
    "message": "Battery is under critical condition"

}, {
    "id": 8,
    "name": "Low Power",
    "type": "Energy Consumption",
    "time": "7:38 pm",
    "location": "Mumbai",
    "status": "solved",
    "message": "Battery condition set to normal."

}, {
    "id": 9,
    "name": "Low Power",
    "type": "Energy Consumption",
    "time": "5:28 am",
    "location": "Bangalore",
    "status": "high_priority",
    "message": "Battery is under critical condition"

}, {
    "id": 10,
    "name": "Low Power",
    "type": "Energy Consumption",
    "time": "4:41 pm",
    "location": "Hyderabad",
    "status": "solved",
    "message": "Battery condition set to normal."

}, {
    "id": 11,
    "name": "Low Power",
    "type": "Energy Consumption",
    "time": "12:21 am",
    "location": "Pune",
    "status": "high_priority",
    "message": "Battery is under critical condition"

}, {
    "id": 12,
    "name": "Low Power",
    "type": "Energy Consumption",
    "time": "8:36 pm",
    "location": "Chennai",
    "status": "high_priority",
    "message": "Battery is under critical condition"

}, {
    "id": 13,
    "name": "Low Power",
    "type": "Energy Consumption",
    "time": "12:30 am",
    "location": "Hyderabad",
    "status": "solved",
    "message": "Battery condition set to normal."

}]
