[{
        "name": "DEMO BTRY 01",
        "id": 1,
        "energy_status": "On Battery",
        "estimate_usage": "8 hr 30 mins",
        "alerts": "3",
        "battery_health_status": "Not Working",
        "status_of_charge": "50%",
        "status_of_health": "90%",
        "volts": "240V",
        "tempratures": "35",
        "humidity": "20",
        "marker": {
            "lat": 12.934968,
            "lng": 77.277832,
            "label": "Bengaluru",
            "draggable": true,
            "siteInfo": {
                "site1": "Indiaranagar",
                "site2": "BTM",
                "site3": "Hospalya"
            }

        }
},
    {
        "name": "DEMO BTRY 02",
        "id": 2,
        "energy_status": "On Battery",
        "estimate_usage": "5 hr 40 mins",
        "alerts": "4",
        "battery_health_status": "Good",
        "status_of_charge": "50%",
        "status_of_health": "90%",
        "volts": "240V",
        "tempratures": "35",
        "humidity": "20",
        "marker": {
            "lat": 12.876070,
            "lng": 78.145752,
            "label": "Bengaluru",
            "draggable": true,
            "siteInfo": {
                "site1": "Indiaranagar",
                "site2": "BTM",
                "site3": "Hospalya"
            }

        }
},
    {
        "name": "DEMO BTRY 03",
        "id": 3,
        "energy_status": "On Battery",
        "estimate_usage": "10 hr 30 mins",
        "alerts": "3",
        "battery_health_status": "Very Good",
        "status_of_charge": "50%",
        "status_of_health": "90%",
        "volts": "240V",
        "tempratures": "35",
        "humidity": "20",
        "marker": {
            "lat": 13.127629,
            "lng": 78.640137,
            "label": "Bengaluru",
            "draggable": true,
            "siteInfo": {
                "site1": "Indiaranagar",
                "site2": "BTM",
                "site3": "Hospalya"
            }

        }
},
    {
        "name": "DEMO BTRY 04",
        "id": 4,
        "energy_status": "On Battery",
        "estimate_usage": "8 hr 30 mins",
        "alerts": "3",
        "battery_health_status": "Bad",
        "status_of_charge": "50%",
        "status_of_health": "90%",
        "volts": "240V",
        "tempratures": "35",
        "humidity": "20",
        "marker": {
            "lat": 12.704651,
            "lng": 78.771973,
            "label": "Bengaluru",
            "draggable": true,
            "siteInfo": {
                "site1": "Indiaranagar",
                "site2": "BTM",
                "site3": "Hospalya"
            }

        }
}]
