[{"__symbolic":"module","version":3,"metadata":{"ModalModule":{"__symbolic":"class","decorators":[{"__symbolic":"call","expression":{"__symbolic":"reference","module":"@angular/core","name":"NgModule"},"arguments":[{"imports":[{"__symbolic":"reference","module":"@angular/common","name":"CommonModule"}],"declarations":[{"__symbolic":"reference","module":"./Modal","name":"Modal"},{"__symbolic":"reference","module":"./RouteModal","name":"RouteModal"},{"__symbolic":"reference","module":"./Modal","name":"ModalHeader"},{"__symbolic":"reference","module":"./Modal","name":"ModalContent"},{"__symbolic":"reference","module":"./Modal","name":"ModalFooter"}],"exports":[{"__symbolic":"reference","module":"./Modal","name":"Modal"},{"__symbolic":"reference","module":"./RouteModal","name":"RouteModal"},{"__symbolic":"reference","module":"./Modal","name":"ModalHeader"},{"__symbolic":"reference","module":"./Modal","name":"ModalContent"},{"__symbolic":"reference","module":"./Modal","name":"ModalFooter"}]}]}]}},"exports":[{"from":"./Modal"},{"from":"./RouteModal"}]},{"__symbolic":"module","version":1,"metadata":{"ModalModule":{"__symbolic":"class","decorators":[{"__symbolic":"call","expression":{"__symbolic":"reference","module":"@angular/core","name":"NgModule"},"arguments":[{"imports":[{"__symbolic":"reference","module":"@angular/common","name":"CommonModule"}],"declarations":[{"__symbolic":"reference","module":"./Modal","name":"Modal"},{"__symbolic":"reference","module":"./RouteModal","name":"RouteModal"},{"__symbolic":"reference","module":"./Modal","name":"ModalHeader"},{"__symbolic":"reference","module":"./Modal","name":"ModalContent"},{"__symbolic":"reference","module":"./Modal","name":"ModalFooter"}],"exports":[{"__symbolic":"reference","module":"./Modal","name":"Modal"},{"__symbolic":"reference","module":"./RouteModal","name":"RouteModal"},{"__symbolic":"reference","module":"./Modal","name":"ModalHeader"},{"__symbolic":"reference","module":"./Modal","name":"ModalContent"},{"__symbolic":"reference","module":"./Modal","name":"ModalFooter"}]}]}]}},"exports":[{"from":"./Modal"},{"from":"./RouteModal"}]}]